MirKel,ewxrxbdd
JohDuk,ntgassxz
LonCun,btcvjzbp
ClaMel,lborqwhq
KarGar,dpvdfzrs
KylFer,pnivjfsm
CamCar,xbkhcqdl
EdiCam,vehmushx
ReeGlo,dzsforit
CaiHob,zcwbjopp
JadMos,pyxzcwdv
DeaDau,vsrashom
DalPru,wfpvavrw
MakRob,zarovrsd
MarWal,ucgcfdwe
KamBla,tyhmcupg
AndHal,gpikyzii
KatOdo,hvfmrish
FraDal,uksxzetd
EstDav,snbuiqhh
TomBel,utdpevfn
AedPen,vlknyjts
DanFol,ubnwsmwb
KolKer,wuckutnm
JunCun,cnwwmelx
DanCol,jzjnbmun
SheBoy,dvqcpfmu
PatCho,ikvlfsvz
WesWol,oquucudw
NatTat,bllcntqs
MonWei,sfjtbsip
LenMac,qlbcbclu
AliMue,gpcctejz
GiaMat,gqascxtu
MarPhe,obevywat
RonMci,fxcepoqd
LenJos,qcigqgsm
TayAve,tlvcefsv
JadHof,actngqqx
BenSut,uujdfoep
JadFow,uwxtpmuz
AleBar,yxerktib
CriPon,fytjmscc
LinWil,sktlvtno
XimMar,qgsuoybp
BraHoo,xytgrymj
QuiRay,rrjvhhpc
GerCum,defwxjdw
HalSno,jfmdfzrx
KriFor,elefkhkw
LonSol,efxfbhdh
KhlHar,fisfsutu
RowRui,zjfrpdzz
TerPet,tqcmzmqm
IanGil,fqdkismm
AsaHun,mlfnwxaf
RodRus,itwfgogr
JamBer,rxlonmuz
JerHer,kldswvjc
RodAco,pvqmuihw
AubGib,engxkpyy
DonDuk,ghlozxhm
MarEwi,gfiekfgi
AmeBur,ixokklvs
AadGlo,rojxftww
LanHor,zzinrkvw
HanSha,cynnkdxc
ChaSch,cezabdwn
MalSha,xccusvfc
SagSte,muyoqztq
NaoBen,vuxtqnrz
GeoMcl,uptoctkf
JayVil,qssqbvym
BryLan,ntoycsot
ClaGen,njwlxjpf
TeaBle,iuplcxny
TesFry,duyqamtw
EmmGal,xtzkdzxq
PaiVel,kgfcalzv
MatPat,zopffjuh
TerEva,udojbysc
GenStr,namwqyxn
CasSan,ewiwasgh
AngSch,gelhuats
BryNas,izlvxacb
MadDaw,sqqooawl
AnaHen,owllyaey
EriVil,oosctbeg
AhmShe,vzrhnwuq
SamKau,giamdfto
DapHar,uczaibmw
AleUnd,gpehfzph
ChaEll,zhooifgu
SanRiv,wwauafsj
TanShe,fueziynx
AbrHol,ivnbohwe
AshCas,brbqrstk
JusBau,jeoalfwq
JefGra,ycfcgvce
MarDun,kiyhfmcc
NoaDav,meochxkv
AveHol,iyliuzhv
NoeMor,tsjcexnc
AusMic,otwmjcfg
BelBry,rjbdrjpi
CiaFue,dvehzuzl
AleCas,nqnaumkx
LerHob,mkeisiqa
LaySpe,rbkhsujb
AshHay,sfxmhpdy
FreMid,aaqpxmbh
VirWal,kkreoptj
LilPar,hsqifelc
WalLaw,hhjwoxmp
SolCam,lajfqceo
AleHuy,dhylfhtg
WyaHaa,tuopsbrj
JaySaw,crhrcuth
ClaMcd,yhcnsrwg
BenMul,vzdymgwn
BreBre,ccluvvdd
LacPit,zqbtxavq
EdwFro,aacyepot
WayBar,lwzkqcfh
SanFre,bejxkpyo
AbbGre,knspcjhz
AniBla,wphimtvh
JaiRod,uwlqnjdw
LauKha,tgvfzbxn
EmeFly,nltceyrt
KalMac,phiptlki
OriGri,jisyqtyt
AlePit,gjvdmujr
JenKen,gnmavooe
FreGra,hrurynno
UriRee,xqpnxcmj
MakWhe,botlkkte
JohCob,atkjuizl
AmaSto,smpvnecu
ErnLon,dpjkbwik
PayHou,kbvqoegz
BenHuf,xfxljeop
EvaWoo,rszmuxpr
BryKin,cppjhdrc
EdwSte,tvnklney
ChrSim,dsetuxwt
BraTor,wjbmztby
MicDic,seherayx
DerGla,apbyzfrd
CaiHen,ntxllomp
ShaSto,enrtiyai
StePat,xfgmgkfb
MauJoh,ypqyovaa
JanDel,aqqsdbuc
CasWhi,vpowmjfu
KelBar,lgogyzby
RoyDou,eaapbgjr
ShiWat,nuhjsiun
AinGra,ptwyrtnr
MadDea,jjmzwxxh
MarTap,ngclmabk
ChaDix,yymhwqop
TayAle,kppykcuc
BriWil,mqsjymrq
KieWer,xophserf
LevCha,fiysswmw
FelJen,pbfsslvm
ReyHen,qjgeezci
GraCar,rssflsba
BraLoz,mosebpnp
PauRey,qftjxtbl
MarBir,inopokjl
KasVil,xszdmvzf
GunPet,xsloysyd
ZaiJen,rpkrjpcm
MalBar,sxqdcggl
JaySan,ygxrcrnb
KeyGar,uuksxpbc
CarCol,xeqkfqwo
CecCas,vydhsvss
AubHam,xbvfbxfa
ReeWon,dsbpacas
SopCar,pnpkxogj
AidHor,gjdwhgyr
VioGri,ayvrzjkk
JayMay,fyiqddba
ChaRob,tcwkpryi
KelMol,fzbbfymx
RykSal,wwrmupuf
KonFlo,tadlxjuz
KiaJha,zhbhjasa
Mylola,fopfqypg
Kengun,tntjvayv
HelSam,mhkjetgi
Gilgje,szzkwbxj
Selhan,viqjfffj
Kamhan,ilpaikwx
Mathan,xzubwble
Samhan,seudpmvi
Krihan,aosivdth
